1;Programmation;1;1
2;Programmation;1;1
3;Programmation;1;1
4;Programmation;4;1
5;Programmation;6;1
1;Programmation;3;2
2;Programmation;2;2
3;Programmation;3;2
4;Programmation;3;2
5;Programmation;4;2
1;Management;4;1
2;Management;6;1
3;Management;4;1
4;Management;3;1
5;Management;4;1
1;Management;4;2
2;Management;4;2
3;Management;6;2
4;Management;3;2
5;Management;4;2
1;Modelisation;3;1
2;Modelisation;5;1
3;Modelisation;6;1
4;Modelisation;5;1
5;Modelisation;5;1
1;Modelisation;2;2
2;Modelisation;4;2
3;Modelisation;2;2
4;Modelisation;4;2
5;Modelisation;6;2
1;Modelisation;5;1
2;Modelisation;1;1
3;Modelisation;4;1
4;Modelisation;2;1
5;Modelisation;1;1
1;Modelisation;3;2
2;Modelisation;2;2
3;Modelisation;3;2
4;Modelisation;1;2
5;Modelisation;5;2
1;Reseau;5;1
2;Reseau;3;1
3;Reseau;5;1
4;Reseau;5;1
5;Reseau;4;1
1;Reseau;4;2
2;Reseau;1;2
3;Reseau;4;2
4;Reseau;4;2
5;Reseau;5;2
1;Communication;2;1
2;Communication;4;1
3;Communication;5;1
4;Communication;6;1
5;Communication;4;1
1;Communication;4;2
2;Communication;6;2
3;Communication;3;2
4;Communication;4;2
5;Communication;6;2
